{
  "wind_mean": [
    -0.11471034586429596,
    0.07710741460323334,
    0.11183934658765793
  ],
  "wind_std": [
    27.09771728515625,
    25.467885971069336,
    20.307830810546875
  ]
}