{
  "state_mean": [
    0.007857858203351498,
    -0.002361401915550232,
    0.03854403644800186,
    0.0633310005068779,
    -0.0992891862988472,
    0.4234517216682434,
    -0.0014811675064265728,
    0.009393444284796715,
    0.0323646143078804,
    0.7550128698348999,
    -15.8578462600708,
    -0.07452166080474854,
    0.011316252872347832,
    -0.5764051675796509,
    -14.108622550964355,
    0.9241976737976074,
    0.254084974527359,
    0.2237931340932846,
    -8.082144737243652
  ],
  "state_std": [
    2.4191813468933105,
    2.348504066467285,
    2.054003953933716,
    49.08235549926758,
    47.318931579589844,
    39.37104415893555,
    0.2609148919582367,
    0.23754334449768066,
    0.25114187598228455,
    0.4300693869590759,
    84.92908477783203,
    71.661865234375,
    72.01573944091797,
    69.36183166503906,
    82.60940551757812,
    68.6787109375,
    57.43756866455078,
    57.227108001708984,
    73.40430450439453
  ],
  "state_dim": 19,
  "action_dim": 3
}