{
  "state_mean": [
    0.0,
    0.0,
    0.0,
    0.0,
    0.0,
    0.0,
    0.0,
    0.0,
    0.0,
    0.0,
    0.0,
    0.0,
    0.0,
    0.0,
    0.0,
    0.0,
    0.0,
    0.0,
    0.0,
    0.0,
    0.0,
    0.0,
    0.0,
    0.0,
    0.0,
    0.0,
    0.0,
    0.0,
    0.0,
    0.0,
    0.0,
    0.0,
    0.0,
    0.0
  ],
  "state_std": [
    1.0000000116860974e-07,
    1.0000000116860974e-07,
    1.0000000116860974e-07,
    1.0000000116860974e-07,
    1.0000000116860974e-07,
    1.0000000116860974e-07,
    1.0000000116860974e-07,
    1.0000000116860974e-07,
    1.0000000116860974e-07,
    1.0000000116860974e-07,
    1.0000000116860974e-07,
    1.0000000116860974e-07,
    1.0000000116860974e-07,
    1.0000000116860974e-07,
    1.0000000116860974e-07,
    1.0000000116860974e-07,
    1.0000000116860974e-07,
    1.0000000116860974e-07,
    1.0000000116860974e-07,
    1.0000000116860974e-07,
    1.0000000116860974e-07,
    1.0000000116860974e-07,
    1.0000000116860974e-07,
    1.0000000116860974e-07,
    1.0000000116860974e-07,
    1.0000000116860974e-07,
    1.0000000116860974e-07,
    1.0000000116860974e-07,
    1.0000000116860974e-07,
    1.0000000116860974e-07,
    1.0000000116860974e-07,
    1.0000000116860974e-07,
    1.0000000116860974e-07,
    1.0000000116860974e-07
  ],
  "state_dim": 34,
  "action_dim": 6
}